smoke jumpers,1
niglets,1
mosshead,1
spic,1
culchie,1
whitey,1
sambos,1
nigor,1
alligator bait,1
piccaninny,1
black invader,1
sheboons,1
slant eye,1
coon ass,1
sand nigger,1
nigguhs,1
Christ killers,1
fezzes,1
niggars,1
camel humpers,1
greaseballs,1
neches,1
honklets,1
Fenian,1
blaxican,1
hooknose,1
pavement ape,1
cotton picker,1
poppadom,1
camel jockey,1
bohunks,1
zipperhead,1
abos,1
nigga,1
hoodrats,1
golliwog,1
gook,1
whigga,1
knacker,1
tar babies,1
gippos,1
jewbag,1
niggerization,1
halfrican,1
beaner baby,1
nicca,1
African catfish,1
kyke,1
redlegs,1
camel jockeys,1
nig,1
race traitors,1
mangia cake,1
mokes,1
beaner babies,1
house nigger,1
mud ducks,1
coons,1
mud sharks,1
niggerville,1
pikers,1
spear chuckers,1
dune coon,1
octroon,1
palefaces,1
Orientals,1
camel humper,1
zhid,1
zhyd,1
gator bait,1
guala,1
moon cricket,1
pickaninny,1
culchies,1
suspook,1
cracker,1
plastic paddy,1
Jits,1
pikeys,1
squaws,1
towel heads,1
dink,1
redskin,1
groid,1
pavement apes,1
Jihadi,1
moon crickets,1
octaroons,1
whiggers,1
nigette,1
Kushite,1
higgers,1
niggar,1
race traitor,1
beaner,1
coloureds,1
higger,1
yardie,1
neechees,1
spik,1
Rico Suave,1
yellow bone,1
kneegroes,1
eyetie,1
guala gualas,1
wegro,1
azns,1
oven dodgers,1
golliwogs,1
mud shark,1
squaw,1
dot heads,1
ofay,1
shit heel,1
yard apes,1
peckerwood,1
Anglos,1
Africoons,1
Kushites,1
niggas,1
wetbacks,1
dinks,1
niggah,1
spick,1
darkie,1
boongs,1
dindu nuffin,1
jiggaboo,1
gypsy,1
spicks,1
zipperheads,1
whiggas,1
Uncle Tom,1
lemonhead,1
degette,1
quadroons,1
injuns,1
popolo,1
hoodrat,1
heeb,1
trailer park trash,1
quadroon,1
Japs,1
gypsies,1
wexican,1
niglette,1
oven dodger,1
curry muncher,1
niggahs,1
Buckwheat,1
spiks,1
Oriental,1
nigglet,1
sheboon,1
ZOG,1
paddy,1
gubba,1
yids,1
pakis,1
trailer trash,1
chonky,1
ofays,1
anchor babies,1
towel head,1
spicish,1
nig nogs,1
nichis,1
heebs,1
Cushi,1
Zio,1
nappyhead,1
niccas,1
ginzo,1
khazar,1
jackeen,1
yokel,1
shanty Irish,1
sand monkey,1
diaper heads,1
boong,1
whigger,1
moulinyan,1
pickaninnies,1
whitie,1
octaroon,1
Afro-Saxons,1
mungs,1
hebros,1
munter,1
Zionazi,1
porch monkey,1
Uncle Toms,1
niggress,1
white trash,1
taco niggers,1
the goyim know,1
wetback,1
cowboy killers,1
nig nog,1
anchor baby,1
picaninny,1
gippo,1
porch monkeys,1
negro,1
jigaboos,1
Armos,1
gypos,1
niggurs,1
gyps,1
Congoids,1
coolie,1
house niggers,1
wagon burners,1
bluegum,1
Rhineland bastards,1
smoke jumper,1
abbos,1
niggur,1
butterheads,1
red niggers,1
prairie nigger,1
niggera,1
eyeties,1
spics,1
wog,1
honkey,1
gyppos,1
nigras,1
peckerwoods,1
bogans,1
picaninnies,1
roundeyes,1
ziojew,1
curry munchers,1
hooknosed,1
slant eyes,1
border hopper,1
bohunk,1
nigguh,1
camel fuckers,1
nigra,1
blue gums,1
Hunkies,1
hebes,1
honkie,1
raghead,1
WASPy,1
durka durka,1
roundeye,1
boonie,1
camel fucker,1
Kushi,1
mud duck,1
border jumpers,1
nigs,1
poppadoms,1
bix nood,1
touch of the tar brush,1
bogan,1
mulignan,1
sideways pussy,1
ching chongs,1
nafri,1
wexicans,1
wagon burner,1
sand niggers,1
clog wog,1
border baby,1
ching chong,1
kneegrow,1
gypo,1
yokels,1
tar baby,1
gypped,1
jigaboo,1
gualas,1
kikes,1
honkies,1
sheeny,1
darky,1
niggers,1
slopey,1
wiggas,1
coloreds,1
wigger,1
yellow bones,1
Americoon,1
ikes,1
nigglets,1
nigger,1
smicks,1
gyppo,1
honky,1
darkey,1
good goys,1
jiggabo,1
niggor,1
jiggaboos,1
niggerettes,1
sand monkeys,1
good goy,1
Congoid,1
neechee,1
ragheads,1
coolies,1
ABCs,1
gooks,1
jungle bunny,1
dinges,1
niglet,1
dindu,1
cowboy killer,1
sideways vaginas,1
dune coons,1
gipps,1
bug eaters,1
yard ape,1
spigger,1
nigers,1
white nigger,1
ghetto monkey,1
hajji,1
Aunt Jemimas,1
eurotrash,1
spear chucker,1
piccaninnies,1
mulatto,1
guidette,1
wiggers,1
border hoppers,1
greasers,1
guidos,1
guineas,1
bungas,1
whoriental,1
paleface,1
jewtard,1
dot head,1
Christ killer,1
niggerette,1
hories,1
border jumper,1
plastic paddies,1
nichiwa,1
bootlips,1
wigga,1
halfricans,1
coon,1
Fenians,1
hymie,1
guidettes,1
moulie,1
pikey,1
beaners,1
hajis,1
buckra,1
gews,1
papooses,1
darkies,1
Cushites,1
mockey,1
munters,1
red bone,1
wogs,1
groids,1
gooky,1
hadjis,1
nigettes,1
ling lings,1
hebro,1
pancake faces,1
cotton pickers,1
kykes,1